INSERT INTO subject (subject_id, subject_name) VALUES (1, '와이어프레임 설계');
INSERT INTO subject (subject_id, subject_name) VALUES (2, '데이터베이스 설계');
INSERT INTO subject (subject_id, subject_name) VALUES (3, '주제추가');
INSERT INTO subject (subject_id, subject_name) VALUES (4, '딸기');
INSERT INTO subject (subject_id, subject_name) VALUES (5, 's');
INSERT INTO subject (subject_id, subject_name) VALUES (6, '다음 주제');
INSERT INTO subject (subject_id, subject_name) VALUES (7, 'API 붙이기');
INSERT INTO subject (subject_id, subject_name) VALUES (8, '테스트');
INSERT INTO subject (subject_id, subject_name) VALUES (9, 'dfdfd');
INSERT INTO subject (subject_id, subject_name) VALUES (10, 'dfdfd');

insert into room (room_id, capacity, facility, location, name, note) values (1, 10, '칠판', '서울', '회의실1', '12월 사용 불가');
insert into room (room_id, capacity, facility, location, name, note) values (2, 3, '빔프로젝터', '당진', '회의실2', '');

INSERT INTO member (created_by, created_date, last_modified_by, modified_date, username, name, password) VALUES (null, null, null, null, 'o0myself0o@naver.com', '인영은', '$2a$08$lDnHPz7eUkSi6ao14Twuau08mzhWrL4kyZGGU5xfiGALO/Vxd5DOi');
INSERT INTO member (created_by, created_date, last_modified_by, modified_date, username, name, password) VALUES (null, null, null, null, 'mjhwang34@naver.com', '황민주', '$2a$08$lDnHPz7eUkSi6ao14Twuau08mzhWrL4kyZGGU5xfiGALO/Vxd5DOi');
INSERT INTO member (created_by, created_date, last_modified_by, modified_date, username, name, password) VALUES (null, null, null, null, 'ljs981120@gmail.com', '이재석', '$2a$08$lDnHPz7eUkSi6ao14Twuau08mzhWrL4kyZGGU5xfiGALO/Vxd5DOi');
INSERT INTO member (created_by, created_date, last_modified_by, modified_date, username, name, password) VALUES (null, null, null, null, 'dlqud19@gmail.com', '이병현', '$2a$08$lDnHPz7eUkSi6ao14Twuau08mzhWrL4kyZGGU5xfiGALO/Vxd5DOi');

insert into authority(authority_id, authority_name) values (1, 'ROLE_ADMIN');
insert into authority(authority_id, authority_name) values (2, 'ROLE_USER' );

insert into member_authority(username, authority_id) values ( 'o0myself0o@naver.com',1);
insert into member_authority(username, authority_id) values ( 'mjhwang34@naver.com',2);
insert into member_authority(username, authority_id) values ( 'ljs981120@gmail.com',2);
insert into member_authority(username, authority_id) values ( 'dlqud19@gmail.com',2);

INSERT INTO online (online_id, is_online, online_url) VALUES (1, true, 'http://web.zoom.us/~~~');
INSERT INTO online (online_id, is_online, online_url) VALUES (2, false, null);
INSERT INTO online (online_id, is_online, online_url) VALUES (6, false, '');
INSERT INTO online (online_id, is_online, online_url) VALUES (7, false, '');
INSERT INTO online (online_id, is_online, online_url) VALUES (13, true, 'string');
INSERT INTO online (online_id, is_online, online_url) VALUES (15, false, '');
INSERT INTO online (online_id, is_online, online_url) VALUES (16, false, '');
INSERT INTO online (online_id, is_online, online_url) VALUES (17, false, '');
INSERT INTO online (online_id, is_online, online_url) VALUES (18, false, '');
INSERT INTO online (online_id, is_online, online_url) VALUES (19, false, '');
INSERT INTO online (online_id, is_online, online_url) VALUES (20, true, 'string');
INSERT INTO online (online_id, is_online, online_url) VALUES (21, true, 'string');
INSERT INTO online (online_id, is_online, online_url) VALUES (22, true, 'string');
INSERT INTO online (online_id, is_online, online_url) VALUES (23, false, '');
INSERT INTO online (online_id, is_online, online_url) VALUES (24, true, 'http://web.zoom.us/~~~');
INSERT INTO online (online_id, is_online, online_url) VALUES (27, true, 'http://web.zoom.us/~~~');
INSERT INTO online (online_id, is_online, online_url) VALUES (28, true, 'http://web.zoom.us/~~~');
INSERT INTO online (online_id, is_online, online_url) VALUES (29, true, '');
INSERT INTO online (online_id, is_online, online_url) VALUES (30, false, '');
INSERT INTO online (online_id, is_online, online_url) VALUES (31, false, '');
INSERT INTO online (online_id, is_online, online_url) VALUES (32, false, '');
INSERT INTO online (online_id, is_online, online_url) VALUES (33, false, '');
INSERT INTO online (online_id, is_online, online_url) VALUES (34, false, '');
INSERT INTO online (online_id, is_online, online_url) VALUES (36, false, '');
INSERT INTO online (online_id, is_online, online_url) VALUES (38, false, '');
INSERT INTO online (online_id, is_online, online_url) VALUES (39, false, '');
INSERT INTO online (online_id, is_online, online_url) VALUES (40, false, '');
INSERT INTO online (online_id, is_online, online_url) VALUES (41, false, '');
INSERT INTO online (online_id, is_online, online_url) VALUES (42, false, '');
INSERT INTO online (online_id, is_online, online_url) VALUES (43, true, 'http://web.zoom.us/~~~');
INSERT INTO online (online_id, is_online, online_url) VALUES (44, false, '');
INSERT INTO online (online_id, is_online, online_url) VALUES (47, true, 'http://web.zoom.us/~~~');
INSERT INTO online (online_id, is_online, online_url) VALUES (48, true, 'http://web.zoom.us/~~~');
INSERT INTO online (online_id, is_online, online_url) VALUES (49, true, 'http://web.zoom.us/~~~');
INSERT INTO online (online_id, is_online, online_url) VALUES (50, true, 'http://web.zoom.us/~~~');
INSERT INTO online (online_id, is_online, online_url) VALUES (51, true, 'http://web.zoom.us/~~~');
INSERT INTO online (online_id, is_online, online_url) VALUES (52, true, 'http://web.zoom.us/~~~');
INSERT INTO online (online_id, is_online, online_url) VALUES (53, true, 'http://web.zoom.us/~~~');
INSERT INTO online (online_id, is_online, online_url) VALUES (54, true, 'http://web.zoom.us/~~~');
INSERT INTO online (online_id, is_online, online_url) VALUES (55, false, '');
INSERT INTO online (online_id, is_online, online_url) VALUES (56, false, '');
INSERT INTO online (online_id, is_online, online_url) VALUES (59, false, '');
INSERT INTO online (online_id, is_online, online_url) VALUES (62, false, '');
INSERT INTO online (online_id, is_online, online_url) VALUES (64, false, '');
INSERT INTO online (online_id, is_online, online_url) VALUES (65, true, 'http://web.zoom.us/~~~');
INSERT INTO online (online_id, is_online, online_url) VALUES (66, true, 'http://web.zoom.us/~~~');
INSERT INTO online (online_id, is_online, online_url) VALUES (67, true, 'http://web.zoom.us/~~~');
INSERT INTO online (online_id, is_online, online_url) VALUES (68, true, 'http://web.zoom.us/~~~');
INSERT INTO online (online_id, is_online, online_url) VALUES (69, false, '');
INSERT INTO online (online_id, is_online, online_url) VALUES (70, false, '');
INSERT INTO online (online_id, is_online, online_url) VALUES (71, false, '');
INSERT INTO online (online_id, is_online, online_url) VALUES (72, false, '');
INSERT INTO online (online_id, is_online, online_url) VALUES (73, false, '');
INSERT INTO online (online_id, is_online, online_url) VALUES (75, true, '');
INSERT INTO online (online_id, is_online, online_url) VALUES (76, false, '');
INSERT INTO online (online_id, is_online, online_url) VALUES (77, false, '');
INSERT INTO online (online_id, is_online, online_url) VALUES (78, false, '');
INSERT INTO online (online_id, is_online, online_url) VALUES (79, false, '');
INSERT INTO online (online_id, is_online, online_url) VALUES (80, false, '');
INSERT INTO online (online_id, is_online, online_url) VALUES (81, false, '');
INSERT INTO online (online_id, is_online, online_url) VALUES (82, false, '');
INSERT INTO online (online_id, is_online, online_url) VALUES (83, false, '');
INSERT INTO online (online_id, is_online, online_url) VALUES (85, false, '');
INSERT INTO online (online_id, is_online, online_url) VALUES (86, true, '');
INSERT INTO online (online_id, is_online, online_url) VALUES (87, false, '');
INSERT INTO online (online_id, is_online, online_url) VALUES (88, false, '');
INSERT INTO online (online_id, is_online, online_url) VALUES (90, false, '');
INSERT INTO online (online_id, is_online, online_url) VALUES (95, false, '');
INSERT INTO online (online_id, is_online, online_url) VALUES (96, false, '');
INSERT INTO online (online_id, is_online, online_url) VALUES (97, false, '');
INSERT INTO online (online_id, is_online, online_url) VALUES (98, false, '');
INSERT INTO online (online_id, is_online, online_url) VALUES (99, false, '');
INSERT INTO online (online_id, is_online, online_url) VALUES (100, false, '');
INSERT INTO online (online_id, is_online, online_url) VALUES (101, false, '');
INSERT INTO online (online_id, is_online, online_url) VALUES (102, true, 'http://web.zoom.us/~~~');

INSERT INTO minutes (minutes_id, created_by, created_date, last_modified_by, modified_date, content) VALUES (1, null, '2021-11-11 06:01:17.245608', null, '2021-11-11 06:01:17.245608', 'content');
INSERT INTO minutes (minutes_id, created_by, created_date, last_modified_by, modified_date, content) VALUES (2, null, '2021-11-11 14:01:17.245608', null, '2021-11-11 14:01:17.245608', 'content');
INSERT INTO minutes (minutes_id, created_by, created_date, last_modified_by, modified_date, content) VALUES (7, null, '2021-11-18 02:52:08.435256', null, '2021-11-18 02:52:08.435256', '');
INSERT INTO minutes (minutes_id, created_by, created_date, last_modified_by, modified_date, content) VALUES (8, null, '2021-11-18 02:52:23.817747', null, '2021-11-18 02:52:23.817747', '');
INSERT INTO minutes (minutes_id, created_by, created_date, last_modified_by, modified_date, content) VALUES (14, null, '2021-11-18 03:13:50.402101', null, '2021-11-18 03:13:50.402101', '');
INSERT INTO minutes (minutes_id, created_by, created_date, last_modified_by, modified_date, content) VALUES (16, null, '2021-11-18 07:37:29.535117', null, '2021-11-18 07:37:29.535117', '');
INSERT INTO minutes (minutes_id, created_by, created_date, last_modified_by, modified_date, content) VALUES (17, null, '2021-11-18 07:37:45.469387', null, '2021-11-18 07:37:45.469387', '');
INSERT INTO minutes (minutes_id, created_by, created_date, last_modified_by, modified_date, content) VALUES (18, null, '2021-11-18 07:38:01.175180', null, '2021-11-18 07:38:01.175180', '');
INSERT INTO minutes (minutes_id, created_by, created_date, last_modified_by, modified_date, content) VALUES (19, null, '2021-11-18 07:39:44.510467', null, '2021-11-18 07:39:44.510467', '');
INSERT INTO minutes (minutes_id, created_by, created_date, last_modified_by, modified_date, content) VALUES (20, null, '2021-11-18 07:39:58.533271', null, '2021-11-18 07:39:58.533271', '');
INSERT INTO minutes (minutes_id, created_by, created_date, last_modified_by, modified_date, content) VALUES (21, null, '2021-11-18 12:54:22.415345', null, '2021-11-18 12:54:22.415345', '');
INSERT INTO minutes (minutes_id, created_by, created_date, last_modified_by, modified_date, content) VALUES (22, null, '2021-11-18 12:57:53.886782', null, '2021-11-18 12:57:53.886782', '');
INSERT INTO minutes (minutes_id, created_by, created_date, last_modified_by, modified_date, content) VALUES (23, null, '2021-11-18 12:58:18.463701', null, '2021-11-18 12:58:18.463701', '');
INSERT INTO minutes (minutes_id, created_by, created_date, last_modified_by, modified_date, content) VALUES (24, null, '2021-11-18 13:42:51.883284', null, '2021-11-18 13:42:51.883284', '');
INSERT INTO minutes (minutes_id, created_by, created_date, last_modified_by, modified_date, content) VALUES (25, null, '2021-11-19 03:18:53.536521', null, '2021-11-19 03:18:53.536521', '');
INSERT INTO minutes (minutes_id, created_by, created_date, last_modified_by, modified_date, content) VALUES (28, null, '2021-11-19 03:53:33.524787', null, '2021-11-19 03:53:33.524787', '');
INSERT INTO minutes (minutes_id, created_by, created_date, last_modified_by, modified_date, content) VALUES (29, null, '2021-11-19 04:10:40.389600', null, '2021-11-19 04:10:40.389600', '');
INSERT INTO minutes (minutes_id, created_by, created_date, last_modified_by, modified_date, content) VALUES (30, null, '2021-11-19 05:26:51.320437', null, '2021-11-19 05:26:51.320437', '');
INSERT INTO minutes (minutes_id, created_by, created_date, last_modified_by, modified_date, content) VALUES (31, null, '2021-11-19 05:59:14.085474', null, '2021-11-19 05:59:14.085474', '');
INSERT INTO minutes (minutes_id, created_by, created_date, last_modified_by, modified_date, content) VALUES (32, null, '2021-11-19 06:13:52.977212', null, '2021-11-19 06:13:52.977212', '');
INSERT INTO minutes (minutes_id, created_by, created_date, last_modified_by, modified_date, content) VALUES (33, null, '2021-11-19 06:15:13.708110', null, '2021-11-19 06:15:13.708110', '');
INSERT INTO minutes (minutes_id, created_by, created_date, last_modified_by, modified_date, content) VALUES (34, null, '2021-11-19 06:30:23.148419', null, '2021-11-19 06:30:23.148419', '');
INSERT INTO minutes (minutes_id, created_by, created_date, last_modified_by, modified_date, content) VALUES (35, null, '2021-11-19 11:47:53.853208', null, '2021-11-19 11:47:53.853208', '');
INSERT INTO minutes (minutes_id, created_by, created_date, last_modified_by, modified_date, content) VALUES (37, null, '2021-11-19 11:51:36.169819', null, '2021-11-19 11:51:36.169819', '');
INSERT INTO minutes (minutes_id, created_by, created_date, last_modified_by, modified_date, content) VALUES (39, null, '2021-11-19 11:54:40.895739', null, '2021-11-19 11:54:40.895739', '');
INSERT INTO minutes (minutes_id, created_by, created_date, last_modified_by, modified_date, content) VALUES (40, null, '2021-11-19 11:55:29.521080', null, '2021-11-19 11:55:29.521080', '');
INSERT INTO minutes (minutes_id, created_by, created_date, last_modified_by, modified_date, content) VALUES (41, null, '2021-11-19 11:57:37.517608', null, '2021-11-19 11:57:37.517608', '');
INSERT INTO minutes (minutes_id, created_by, created_date, last_modified_by, modified_date, content) VALUES (42, null, '2021-11-19 11:58:38.484755', null, '2021-11-19 11:58:38.484755', '');
INSERT INTO minutes (minutes_id, created_by, created_date, last_modified_by, modified_date, content) VALUES (43, null, '2021-11-19 12:05:52.902774', null, '2021-11-19 12:05:52.902774', '');
INSERT INTO minutes (minutes_id, created_by, created_date, last_modified_by, modified_date, content) VALUES (44, null, '2021-11-19 12:18:44.424132', null, '2021-11-19 12:18:44.424132', '');
INSERT INTO minutes (minutes_id, created_by, created_date, last_modified_by, modified_date, content) VALUES (45, null, '2021-11-19 12:20:06.291796', null, '2021-11-19 12:20:06.291796', '');
INSERT INTO minutes (minutes_id, created_by, created_date, last_modified_by, modified_date, content) VALUES (48, null, '2021-11-19 12:25:22.436304', null, '2021-11-19 12:25:22.436304', '');
INSERT INTO minutes (minutes_id, created_by, created_date, last_modified_by, modified_date, content) VALUES (49, null, '2021-11-19 12:25:58.218106', null, '2021-11-19 12:25:58.218106', '');
INSERT INTO minutes (minutes_id, created_by, created_date, last_modified_by, modified_date, content) VALUES (50, null, '2021-11-19 12:27:09.176113', null, '2021-11-19 12:27:09.176113', '');
INSERT INTO minutes (minutes_id, created_by, created_date, last_modified_by, modified_date, content) VALUES (51, null, '2021-11-19 12:28:45.822119', null, '2021-11-19 12:28:45.822119', '');
INSERT INTO minutes (minutes_id, created_by, created_date, last_modified_by, modified_date, content) VALUES (52, null, '2021-11-19 12:30:46.223106', null, '2021-11-19 12:30:46.223106', '');
INSERT INTO minutes (minutes_id, created_by, created_date, last_modified_by, modified_date, content) VALUES (53, null, '2021-11-19 12:35:49.417105', null, '2021-11-19 12:35:49.417105', '');
INSERT INTO minutes (minutes_id, created_by, created_date, last_modified_by, modified_date, content) VALUES (54, null, '2021-11-19 12:36:38.546104', null, '2021-11-19 12:36:38.546104', '');
INSERT INTO minutes (minutes_id, created_by, created_date, last_modified_by, modified_date, content) VALUES (55, null, '2021-11-19 12:39:41.861108', null, '2021-11-19 12:39:41.861108', '');
INSERT INTO minutes (minutes_id, created_by, created_date, last_modified_by, modified_date, content) VALUES (56, null, '2021-11-19 12:47:41.511319', null, '2021-11-19 12:47:41.511319', '');
INSERT INTO minutes (minutes_id, created_by, created_date, last_modified_by, modified_date, content) VALUES (57, null, '2021-11-19 12:55:50.393192', null, '2021-11-19 12:55:50.393192', '');
INSERT INTO minutes (minutes_id, created_by, created_date, last_modified_by, modified_date, content) VALUES (60, null, '2021-11-19 13:02:10.284946', null, '2021-11-19 13:02:10.284946', '');
INSERT INTO minutes (minutes_id, created_by, created_date, last_modified_by, modified_date, content) VALUES (63, null, '2021-11-19 22:46:00.630886', null, '2021-11-19 22:46:00.630886', '');
INSERT INTO minutes (minutes_id, created_by, created_date, last_modified_by, modified_date, content) VALUES (65, null, '2021-11-20 00:45:00.187518', null, '2021-11-20 00:45:00.187518', '');
INSERT INTO minutes (minutes_id, created_by, created_date, last_modified_by, modified_date, content) VALUES (66, null, '2021-11-20 03:38:01.053495', null, '2021-11-20 03:38:01.053495', '');
INSERT INTO minutes (minutes_id, created_by, created_date, last_modified_by, modified_date, content) VALUES (67, null, '2021-11-20 03:39:01.298495', null, '2021-11-20 03:39:01.298495', '');
INSERT INTO minutes (minutes_id, created_by, created_date, last_modified_by, modified_date, content) VALUES (68, null, '2021-11-20 03:42:27.460494', null, '2021-11-20 03:42:27.460494', '');
INSERT INTO minutes (minutes_id, created_by, created_date, last_modified_by, modified_date, content) VALUES (69, null, '2021-11-20 13:05:51.988141', null, '2021-11-20 13:05:51.988141', '');
INSERT INTO minutes (minutes_id, created_by, created_date, last_modified_by, modified_date, content) VALUES (70, null, '2021-11-21 00:05:53.455256', null, '2021-11-21 00:05:53.455256', '');
INSERT INTO minutes (minutes_id, created_by, created_date, last_modified_by, modified_date, content) VALUES (71, null, '2021-11-21 10:55:58.450558', null, '2021-11-21 10:55:58.450558', '');
INSERT INTO minutes (minutes_id, created_by, created_date, last_modified_by, modified_date, content) VALUES (72, null, '2021-11-21 11:00:14.363996', null, '2021-11-21 11:00:14.363996', '');
INSERT INTO minutes (minutes_id, created_by, created_date, last_modified_by, modified_date, content) VALUES (73, null, '2021-11-21 11:00:28.356631', null, '2021-11-21 11:00:28.356631', '');
INSERT INTO minutes (minutes_id, created_by, created_date, last_modified_by, modified_date, content) VALUES (74, null, '2021-11-21 12:51:05.248730', null, '2021-11-21 12:51:05.248730', '');
INSERT INTO minutes (minutes_id, created_by, created_date, last_modified_by, modified_date, content) VALUES (76, null, '2021-11-21 20:46:08.505816', null, '2021-11-21 20:46:08.505816', '');
INSERT INTO minutes (minutes_id, created_by, created_date, last_modified_by, modified_date, content) VALUES (77, null, '2021-11-21 22:19:31.039156', null, '2021-11-21 22:19:31.039156', '');
INSERT INTO minutes (minutes_id, created_by, created_date, last_modified_by, modified_date, content) VALUES (78, null, '2021-11-21 22:19:32.907750', null, '2021-11-21 22:19:32.907750', '');
INSERT INTO minutes (minutes_id, created_by, created_date, last_modified_by, modified_date, content) VALUES (79, null, '2021-11-21 22:19:39.726402', null, '2021-11-21 22:19:39.726402', '');
INSERT INTO minutes (minutes_id, created_by, created_date, last_modified_by, modified_date, content) VALUES (80, null, '2021-11-21 22:19:40.262486', null, '2021-11-21 22:19:40.262486', '');
INSERT INTO minutes (minutes_id, created_by, created_date, last_modified_by, modified_date, content) VALUES (81, null, '2021-11-21 22:19:40.547322', null, '2021-11-21 22:19:40.547322', '');
INSERT INTO minutes (minutes_id, created_by, created_date, last_modified_by, modified_date, content) VALUES (82, null, '2021-11-21 22:20:01.967345', null, '2021-11-21 22:20:01.967345', '');
INSERT INTO minutes (minutes_id, created_by, created_date, last_modified_by, modified_date, content) VALUES (83, null, '2021-11-21 23:12:27.097987', null, '2021-11-21 23:12:27.097987', '');
INSERT INTO minutes (minutes_id, created_by, created_date, last_modified_by, modified_date, content) VALUES (84, null, '2021-11-21 23:15:47.033545', null, '2021-11-21 23:15:47.033545', '');
INSERT INTO minutes (minutes_id, created_by, created_date, last_modified_by, modified_date, content) VALUES (86, null, '2021-11-21 23:20:50.673735', null, '2021-11-21 23:20:50.673735', '');
INSERT INTO minutes (minutes_id, created_by, created_date, last_modified_by, modified_date, content) VALUES (87, null, '2021-11-22 07:35:25.539503', null, '2021-11-22 07:35:25.539503', '');
INSERT INTO minutes (minutes_id, created_by, created_date, last_modified_by, modified_date, content) VALUES (88, null, '2021-11-22 07:36:08.802197', null, '2021-11-22 07:36:08.802197', '');
INSERT INTO minutes (minutes_id, created_by, created_date, last_modified_by, modified_date, content) VALUES (89, null, '2021-11-22 07:36:56.584438', null, '2021-11-22 07:36:56.584438', '');
INSERT INTO minutes (minutes_id, created_by, created_date, last_modified_by, modified_date, content) VALUES (91, null, '2021-11-22 07:37:57.449796', null, '2021-11-22 07:37:57.449796', '');
INSERT INTO minutes (minutes_id, created_by, created_date, last_modified_by, modified_date, content) VALUES (96, null, '2021-11-22 15:13:11.270599', null, '2021-11-22 15:13:11.270599', '');
INSERT INTO minutes (minutes_id, created_by, created_date, last_modified_by, modified_date, content) VALUES (97, null, '2021-11-22 22:09:18.136580', null, '2021-11-22 22:09:18.136580', '');
INSERT INTO minutes (minutes_id, created_by, created_date, last_modified_by, modified_date, content) VALUES (98, null, '2021-11-23 21:33:58.259496', null, '2021-11-23 21:33:58.259496', '');
INSERT INTO minutes (minutes_id, created_by, created_date, last_modified_by, modified_date, content) VALUES (99, null, '2021-11-23 21:35:43.700461', null, '2021-11-23 21:35:43.700461', '');
INSERT INTO minutes (minutes_id, created_by, created_date, last_modified_by, modified_date, content) VALUES (100, null, '2021-11-23 21:36:01.820379', null, '2021-11-23 21:36:01.820379', '');
INSERT INTO minutes (minutes_id, created_by, created_date, last_modified_by, modified_date, content) VALUES (101, null, '2021-11-23 21:36:15.055211', null, '2021-11-23 21:36:15.055211', '');
INSERT INTO minutes (minutes_id, created_by, created_date, last_modified_by, modified_date, content) VALUES (102, null, '2021-11-23 22:12:47.512865', null, '2021-11-23 22:12:47.512865', '');
INSERT INTO minutes (minutes_id, created_by, created_date, last_modified_by, modified_date, content) VALUES (103, null, '2021-11-25 13:35:37.910606', null, '2021-11-25 13:35:37.910606', '');

INSERT INTO attach_file (file_id, file_name, minutes_id) VALUES (1, '1637162585814_2번.txt', 1);
INSERT INTO attach_file (file_id, file_name, minutes_id) VALUES (2, '1637162586477_3번.txt', 1);
INSERT INTO attach_file (file_id, file_name, minutes_id) VALUES (3, '1637162586523_3번답.txt', 1);
INSERT INTO attach_file (file_id, file_name, minutes_id) VALUES (4, '1637162586579_4번.txt', 1);
INSERT INTO attach_file (file_id, file_name, minutes_id) VALUES (5, '1637471860688_BundleLogs-1636539093889.zip', 2);
INSERT INTO attach_file (file_id, file_name, minutes_id) VALUES (6, '1637471861578_BundleLogs-1636535798036.zip', 2);

INSERT INTO reservation (reservation_id, created_by, created_date, last_modified_by, modified_date, date, end_time, month, note, start_time, title, week, minutes_id, online_id, room_id, subject_id) VALUES (1, null, '2021-11-11 06:00:35.964480', null, '2021-11-11 06:00:35.964480', '2021-11-06', '05:00:00', 11, '필기구 지참 요망', '04:00:00', '피그마 작성', 1, 1, 1, 1, 1);
INSERT INTO reservation (reservation_id, created_by, created_date, last_modified_by, modified_date, date, end_time, month, note, start_time, title, week, minutes_id, online_id, room_id, subject_id) VALUES (2, null, '2021-11-11 14:00:35.964480', null, '2021-11-11 14:00:35.964480', '2021-11-14', '05:00:00', 11, '', '04:00:00', 'ERD 작성', 3, 2, 2, 2, 2);
INSERT INTO reservation (reservation_id, created_by, created_date, last_modified_by, modified_date, date, end_time, month, note, start_time, title, week, minutes_id, online_id, room_id, subject_id) VALUES (6, null, '2021-11-18 02:52:08.434991', null, '2021-11-18 02:52:08.499552', '2021-11-18', '12:30:00', 11, '', '11:30:00', '', 3, 7, 6, 1, 1);
INSERT INTO reservation (reservation_id, created_by, created_date, last_modified_by, modified_date, date, end_time, month, note, start_time, title, week, minutes_id, online_id, room_id, subject_id) VALUES (7, null, '2021-11-18 02:52:23.817557', null, '2021-11-18 02:52:23.844933', '2021-11-18', '12:30:00', 11, '', '11:30:00', '', 3, 8, 7, 1, 1);
INSERT INTO reservation (reservation_id, created_by, created_date, last_modified_by, modified_date, date, end_time, month, note, start_time, title, week, minutes_id, online_id, room_id, subject_id) VALUES (13, null, '2021-11-18 03:13:50.401909', null, '2021-11-18 03:13:50.429720', '2021-11-19', '12:00:00', 11, 'string', '13:00:00', '테스트1', 3, 14, 13, 1, 1);
INSERT INTO reservation (reservation_id, created_by, created_date, last_modified_by, modified_date, date, end_time, month, note, start_time, title, week, minutes_id, online_id, room_id, subject_id) VALUES (15, null, '2021-11-18 07:37:29.534787', null, '2021-11-18 07:37:29.603284', '2021-11-18', '17:30:00', 11, '', '16:30:00', '', 3, 16, 15, 1, 1);
INSERT INTO reservation (reservation_id, created_by, created_date, last_modified_by, modified_date, date, end_time, month, note, start_time, title, week, minutes_id, online_id, room_id, subject_id) VALUES (16, null, '2021-11-18 07:37:45.469167', null, '2021-11-18 07:37:45.498590', '2021-11-18', '17:30:00', 11, '', '16:30:00', '', 3, 17, 16, 1, 1);
INSERT INTO reservation (reservation_id, created_by, created_date, last_modified_by, modified_date, date, end_time, month, note, start_time, title, week, minutes_id, online_id, room_id, subject_id) VALUES (17, null, '2021-11-18 07:38:01.174456', null, '2021-11-18 07:38:01.222210', '2021-11-18', '17:30:00', 11, '', '16:30:00', '', 3, 18, 17, 1, 1);
INSERT INTO reservation (reservation_id, created_by, created_date, last_modified_by, modified_date, date, end_time, month, note, start_time, title, week, minutes_id, online_id, room_id, subject_id) VALUES (18, null, '2021-11-18 07:39:44.510270', null, '2021-11-18 07:39:44.529744', '2021-11-18', '19:00:00', 11, '', '17:30:00', '테스트', 3, 19, 18, 1, 1);
INSERT INTO reservation (reservation_id, created_by, created_date, last_modified_by, modified_date, date, end_time, month, note, start_time, title, week, minutes_id, online_id, room_id, subject_id) VALUES (19, null, '2021-11-18 07:39:58.532847', null, '2021-11-18 07:39:58.553337', '2021-11-18', '23:30:00', 11, '', '22:30:00', '테스트2', 3, 20, 19, 1, 1);
INSERT INTO reservation (reservation_id, created_by, created_date, last_modified_by, modified_date, date, end_time, month, note, start_time, title, week, minutes_id, online_id, room_id, subject_id) VALUES (20, null, '2021-11-18 12:54:22.415121', null, '2021-11-18 12:54:22.444641', '2021-11-19', '23:00:00', 11, 'string', '22:00:00', '테스트1', 3, 21, 20, 1, 1);
INSERT INTO reservation (reservation_id, created_by, created_date, last_modified_by, modified_date, date, end_time, month, note, start_time, title, week, minutes_id, online_id, room_id, subject_id) VALUES (21, null, '2021-11-18 12:57:53.886226', null, '2021-11-18 12:57:53.921558', '2021-11-19', '23:30:00', 11, 'string', '23:00:00', '테스트1', 3, 22, 21, 1, 1);
INSERT INTO reservation (reservation_id, created_by, created_date, last_modified_by, modified_date, date, end_time, month, note, start_time, title, week, minutes_id, online_id, room_id, subject_id) VALUES (22, null, '2021-11-18 12:58:18.463471', null, '2021-11-18 12:58:18.474592', '2021-11-18', '23:30:00', 11, 'string', '23:00:00', '테스트1', 3, 23, 22, 1, 1);
INSERT INTO reservation (reservation_id, created_by, created_date, last_modified_by, modified_date, date, end_time, month, note, start_time, title, week, minutes_id, online_id, room_id, subject_id) VALUES (23, null, '2021-11-18 13:42:51.883070', null, '2021-11-18 13:42:51.909220', '2021-11-18', '23:30:00', 11, '', '23:30:00', '', 3, 24, 23, 1, 1);
INSERT INTO reservation (reservation_id, created_by, created_date, last_modified_by, modified_date, date, end_time, month, note, start_time, title, week, minutes_id, online_id, room_id, subject_id) VALUES (24, null, '2021-11-19 03:18:53.517512', null, '2021-11-19 03:18:53.645279', '2021-11-19', '14:50:00', 11, 'string', '14:00:00', '제목', 3, 25, 24, 1, 1);
INSERT INTO reservation (reservation_id, created_by, created_date, last_modified_by, modified_date, date, end_time, month, note, start_time, title, week, minutes_id, online_id, room_id, subject_id) VALUES (25, null, '2021-11-19 03:53:33.501212', null, '2021-11-19 03:53:33.692242', '2021-11-19', '14:50:00', 11, 'string', '14:00:00', '제목', 3, 28, 27, 1, 1);
INSERT INTO reservation (reservation_id, created_by, created_date, last_modified_by, modified_date, date, end_time, month, note, start_time, title, week, minutes_id, online_id, room_id, subject_id) VALUES (26, null, '2021-11-19 04:10:40.367592', null, '2021-11-19 04:10:41.021312', '2021-11-19', '23:50:00', 11, 'string', '23:00:00', '제목', 3, 29, 28, 1, 1);
INSERT INTO reservation (reservation_id, created_by, created_date, last_modified_by, modified_date, date, end_time, month, note, start_time, title, week, minutes_id, online_id, room_id, subject_id) VALUES (27, null, '2021-11-19 05:26:51.320163', null, '2021-11-19 05:26:51.369346', '2021-11-19', '15:30:00', 11, '세시에 만나요', '15:00:00', '세시 회의', 3, 30, 29, 1, 1);
INSERT INTO reservation (reservation_id, created_by, created_date, last_modified_by, modified_date, date, end_time, month, note, start_time, title, week, minutes_id, online_id, room_id, subject_id) VALUES (28, null, '2021-11-19 05:59:14.043758', null, '2021-11-19 05:59:14.212805', '2021-11-19', '08:30:00', 11, '11시 반에 만나요', '08:30:00', '11시 반 회의', 3, 31, 30, 1, 2);
INSERT INTO reservation (reservation_id, created_by, created_date, last_modified_by, modified_date, date, end_time, month, note, start_time, title, week, minutes_id, online_id, room_id, subject_id) VALUES (29, null, '2021-11-19 06:13:52.976441', null, '2021-11-19 06:13:53.034041', '2021-11-19', '02:00:00', 11, '', '01:30:00', '4시 회의', 3, 32, 31, 1, 2);
INSERT INTO reservation (reservation_id, created_by, created_date, last_modified_by, modified_date, date, end_time, month, note, start_time, title, week, minutes_id, online_id, room_id, subject_id) VALUES (30, null, '2021-11-19 06:15:13.707883', null, '2021-11-19 06:15:13.745243', '2021-11-19', '02:00:00', 11, '', '01:30:00', '4시 반', 3, 33, 32, 1, 1);
INSERT INTO reservation (reservation_id, created_by, created_date, last_modified_by, modified_date, date, end_time, month, note, start_time, title, week, minutes_id, online_id, room_id, subject_id) VALUES (31, null, '2021-11-19 06:30:23.147729', null, '2021-11-19 06:30:23.190874', '2021-11-19', '02:30:00', 11, '', '02:00:00', '555', 3, 34, 33, 1, 1);
INSERT INTO reservation (reservation_id, created_by, created_date, last_modified_by, modified_date, date, end_time, month, note, start_time, title, week, minutes_id, online_id, room_id, subject_id) VALUES (32, null, '2021-11-19 11:47:53.852599', null, '2021-11-19 11:47:53.900993', '2021-11-19', '06:30:00', 11, '123', '06:00:00', '9시 예약', 3, 35, 34, 2, 1);
INSERT INTO reservation (reservation_id, created_by, created_date, last_modified_by, modified_date, date, end_time, month, note, start_time, title, week, minutes_id, online_id, room_id, subject_id) VALUES (34, null, '2021-11-19 11:51:36.169607', null, '2021-11-19 11:51:36.209368', '2021-11-19', '06:30:00', 11, '', '06:00:00', '테스트', 3, 37, 36, 2, 1);
INSERT INTO reservation (reservation_id, created_by, created_date, last_modified_by, modified_date, date, end_time, month, note, start_time, title, week, minutes_id, online_id, room_id, subject_id) VALUES (36, null, '2021-11-19 11:54:40.895517', null, '2021-11-19 11:54:40.922857', '2021-11-19', '06:30:00', 11, '', '06:00:00', '9시', 3, 39, 38, 2, 1);
INSERT INTO reservation (reservation_id, created_by, created_date, last_modified_by, modified_date, date, end_time, month, note, start_time, title, week, minutes_id, online_id, room_id, subject_id) VALUES (37, null, '2021-11-19 11:55:29.520888', null, '2021-11-19 11:55:29.531998', '2021-11-19', '06:30:00', 11, '', '06:00:00', '다시 9시', 3, 40, 39, 2, 1);
INSERT INTO reservation (reservation_id, created_by, created_date, last_modified_by, modified_date, date, end_time, month, note, start_time, title, week, minutes_id, online_id, room_id, subject_id) VALUES (38, null, '2021-11-19 11:57:37.517387', null, '2021-11-19 11:57:37.531365', '2021-11-19', '06:30:00', 11, '', '06:00:00', '다시 다시', 3, 41, 40, 2, 2);
INSERT INTO reservation (reservation_id, created_by, created_date, last_modified_by, modified_date, date, end_time, month, note, start_time, title, week, minutes_id, online_id, room_id, subject_id) VALUES (39, null, '2021-11-19 11:58:38.484554', null, '2021-11-19 11:58:38.504757', '2021-11-19', '07:00:00', 11, '', '06:30:00', '9시 반', 3, 42, 41, 2, 1);
INSERT INTO reservation (reservation_id, created_by, created_date, last_modified_by, modified_date, date, end_time, month, note, start_time, title, week, minutes_id, online_id, room_id, subject_id) VALUES (40, null, '2021-11-19 12:05:52.902548', null, '2021-11-19 12:05:52.926508', '2021-11-19', '08:30:00', 11, '', '08:00:00', '23시', 3, 43, 42, 2, 1);
INSERT INTO reservation (reservation_id, created_by, created_date, last_modified_by, modified_date, date, end_time, month, note, start_time, title, week, minutes_id, online_id, room_id, subject_id) VALUES (41, null, '2021-11-19 12:18:44.423913', null, '2021-11-19 12:18:44.449840', '2021-11-19', '08:50:00', 11, 'string', '08:00:00', '제목', 3, 44, 43, 1, 1);
INSERT INTO reservation (reservation_id, created_by, created_date, last_modified_by, modified_date, date, end_time, month, note, start_time, title, week, minutes_id, online_id, room_id, subject_id) VALUES (42, null, '2021-11-19 12:20:06.291598', null, '2021-11-19 12:20:06.316173', '2021-11-19', '07:00:00', 11, '', '06:30:00', '15', 3, 45, 44, 2, 2);
INSERT INTO reservation (reservation_id, created_by, created_date, last_modified_by, modified_date, date, end_time, month, note, start_time, title, week, minutes_id, online_id, room_id, subject_id) VALUES (45, null, '2021-11-19 12:25:22.436109', null, '2021-11-19 12:25:22.456808', '2021-11-19', '08:50:00', 11, 'string', '08:00:00', '제목', 3, 48, 47, 1, 1);
INSERT INTO reservation (reservation_id, created_by, created_date, last_modified_by, modified_date, date, end_time, month, note, start_time, title, week, minutes_id, online_id, room_id, subject_id) VALUES (46, null, '2021-11-19 12:25:58.101111', null, '2021-11-19 12:25:58.844113', '2021-11-19', '23:50:00', 11, 'string', '23:00:00', '제목', 3, 49, 48, 1, 1);
INSERT INTO reservation (reservation_id, created_by, created_date, last_modified_by, modified_date, date, end_time, month, note, start_time, title, week, minutes_id, online_id, room_id, subject_id) VALUES (47, null, '2021-11-19 12:27:09.162109', null, '2021-11-19 12:27:09.270104', '2021-11-19', '23:50:00', 11, 'string', '23:00:00', '제목', 3, 50, 49, 1, 1);
INSERT INTO reservation (reservation_id, created_by, created_date, last_modified_by, modified_date, date, end_time, month, note, start_time, title, week, minutes_id, online_id, room_id, subject_id) VALUES (48, null, '2021-11-19 12:28:45.789106', null, '2021-11-19 12:28:45.926108', '2021-11-19', '05:50:00', 11, 'string', '05:00:00', '제목', 3, 51, 50, 1, 1);
INSERT INTO reservation (reservation_id, created_by, created_date, last_modified_by, modified_date, date, end_time, month, note, start_time, title, week, minutes_id, online_id, room_id, subject_id) VALUES (49, null, '2021-11-19 12:30:46.215117', null, '2021-11-19 12:30:46.310132', '2021-11-19', '23:50:00', 11, 'string', '23:00:00', '제목', 3, 52, 51, 1, 1);
INSERT INTO reservation (reservation_id, created_by, created_date, last_modified_by, modified_date, date, end_time, month, note, start_time, title, week, minutes_id, online_id, room_id, subject_id) VALUES (50, null, '2021-11-19 12:35:49.407104', null, '2021-11-19 12:35:49.502103', '2021-11-19', '09:00:00', 11, 'string', '09:00:00', '제목', 3, 53, 52, 1, 1);
INSERT INTO reservation (reservation_id, created_by, created_date, last_modified_by, modified_date, date, end_time, month, note, start_time, title, week, minutes_id, online_id, room_id, subject_id) VALUES (51, null, '2021-11-19 12:36:38.545108', null, '2021-11-19 12:36:38.619127', '2021-11-19', '02:00:00', 11, 'string', '03:00:00', '제목', 3, 54, 53, 1, 1);
INSERT INTO reservation (reservation_id, created_by, created_date, last_modified_by, modified_date, date, end_time, month, note, start_time, title, week, minutes_id, online_id, room_id, subject_id) VALUES (52, null, '2021-11-19 12:39:41.860103', null, '2021-11-19 12:39:41.936113', '2021-11-19', '03:00:00', 11, 'string', '02:00:00', '제목', 3, 55, 54, 1, 1);
INSERT INTO reservation (reservation_id, created_by, created_date, last_modified_by, modified_date, date, end_time, month, note, start_time, title, week, minutes_id, online_id, room_id, subject_id) VALUES (53, null, '2021-11-19 12:47:41.511113', null, '2021-11-19 12:47:41.531336', '2021-11-19', '01:00:00', 11, 'ㅁㅁ', '00:30:00', '버그를 고쳐봅시다..', 3, 56, 55, 2, 1);
INSERT INTO reservation (reservation_id, created_by, created_date, last_modified_by, modified_date, date, end_time, month, note, start_time, title, week, minutes_id, online_id, room_id, subject_id) VALUES (54, null, '2021-11-19 12:55:50.344638', null, '2021-11-19 12:55:50.475079', '2021-11-19', '22:30:00', 11, 'test', '22:00:00', '수정 확인', 3, 57, 56, 2, 1);
INSERT INTO reservation (reservation_id, created_by, created_date, last_modified_by, modified_date, date, end_time, month, note, start_time, title, week, minutes_id, online_id, room_id, subject_id) VALUES (57, null, '2021-11-19 13:02:10.283926', null, '2021-11-19 13:02:10.328553', '2021-11-19', '23:30:00', 11, '123', '23:00:00', '잘 되려나', 3, 60, 59, 2, 1);
INSERT INTO reservation (reservation_id, created_by, created_date, last_modified_by, modified_date, date, end_time, month, note, start_time, title, week, minutes_id, online_id, room_id, subject_id) VALUES (60, null, '2021-11-19 22:46:00.629806', null, '2021-11-19 22:46:00.943921', '2021-11-20', '08:30:00', 11, '', '08:00:00', '', 3, 63, 62, 2, 1);
INSERT INTO reservation (reservation_id, created_by, created_date, last_modified_by, modified_date, date, end_time, month, note, start_time, title, week, minutes_id, online_id, room_id, subject_id) VALUES (62, null, '2021-11-20 00:45:00.187308', null, '2021-11-20 00:45:01.052986', '2021-11-20', '10:30:00', 11, '123', '10:00:00', '10시', 3, 65, 64, 2, 1);
INSERT INTO reservation (reservation_id, created_by, created_date, last_modified_by, modified_date, date, end_time, month, note, start_time, title, week, minutes_id, online_id, room_id, subject_id) VALUES (63, null, '2021-11-20 03:38:01.006494', null, '2021-11-20 03:38:01.406499', '2021-11-19', '03:00:00', 11, 'string', '02:00:00', '제목', 3, 66, 65, 1, 1);
INSERT INTO reservation (reservation_id, created_by, created_date, last_modified_by, modified_date, date, end_time, month, note, start_time, title, week, minutes_id, online_id, room_id, subject_id) VALUES (64, null, '2021-11-20 03:39:01.298495', null, '2021-11-20 03:39:01.416492', '2021-11-20', '03:00:00', 11, 'string', '02:00:00', '제목', 3, 67, 66, 1, 1);
INSERT INTO reservation (reservation_id, created_by, created_date, last_modified_by, modified_date, date, end_time, month, note, start_time, title, week, minutes_id, online_id, room_id, subject_id) VALUES (65, null, '2021-11-20 03:42:27.459498', null, '2021-11-20 03:42:27.531533', '2021-11-20', '23:00:00', 11, 'string', '22:00:00', '제목', 3, 68, 67, 1, 1);
INSERT INTO reservation (reservation_id, created_by, created_date, last_modified_by, modified_date, date, end_time, month, note, start_time, title, week, minutes_id, online_id, room_id, subject_id) VALUES (66, null, '2021-11-20 13:05:51.923144', null, '2021-11-20 13:05:52.291149', '2021-11-20', '08:00:00', 11, 'string', '07:00:00', '제목', 3, 69, 68, 1, 1);
INSERT INTO reservation (reservation_id, created_by, created_date, last_modified_by, modified_date, date, end_time, month, note, start_time, title, week, minutes_id, online_id, room_id, subject_id) VALUES (67, null, '2021-11-21 00:05:53.409808', null, '2021-11-21 00:05:53.539686', '2021-11-21', '10:00:00', 11, '', '09:30:00', 'a', 4, 70, 69, 2, 1);
INSERT INTO reservation (reservation_id, created_by, created_date, last_modified_by, modified_date, date, end_time, month, note, start_time, title, week, minutes_id, online_id, room_id, subject_id) VALUES (68, null, '2021-11-21 10:55:58.448638', null, '2021-11-21 10:55:58.540820', '2021-11-21', '20:30:00', 11, '', '20:00:00', 'b', 4, 71, 70, 1, 2);
INSERT INTO reservation (reservation_id, created_by, created_date, last_modified_by, modified_date, date, end_time, month, note, start_time, title, week, minutes_id, online_id, room_id, subject_id) VALUES (69, null, '2021-11-21 11:00:14.363096', null, '2021-11-21 11:00:14.427240', '2021-11-29', '21:00:00', 11, '', '20:30:00', 'c', 5, 72, 71, 2, 1);
INSERT INTO reservation (reservation_id, created_by, created_date, last_modified_by, modified_date, date, end_time, month, note, start_time, title, week, minutes_id, online_id, room_id, subject_id) VALUES (70, null, '2021-11-21 11:00:28.355965', null, '2021-11-21 11:00:28.372856', '2021-12-01', '21:00:00', 12, '', '20:30:00', '', 1, 73, 72, 2, 1);
INSERT INTO reservation (reservation_id, created_by, created_date, last_modified_by, modified_date, date, end_time, month, note, start_time, title, week, minutes_id, online_id, room_id, subject_id) VALUES (71, null, '2021-11-21 12:51:05.248416', null, '2021-11-21 12:51:05.277633', '2021-11-21', '22:30:00', 11, '', '22:00:00', '1시', 4, 74, 73, 2, 2);
INSERT INTO reservation (reservation_id, created_by, created_date, last_modified_by, modified_date, date, end_time, month, note, start_time, title, week, minutes_id, online_id, room_id, subject_id) VALUES (73, null, '2021-11-21 20:46:08.503441', null, '2021-11-21 20:46:08.572269', '2021-11-21', '06:30:00', 11, 'Late night meeting. Hell yeah', '06:00:00', '밤 회의', 4, 76, 75, 1, 5);
INSERT INTO reservation (reservation_id, created_by, created_date, last_modified_by, modified_date, date, end_time, month, note, start_time, title, week, minutes_id, online_id, room_id, subject_id) VALUES (74, null, '2021-11-21 22:19:31.038532', null, '2021-11-21 22:19:31.081345', '2021-11-21', '08:00:00', 11, '', '07:00:00', 'test', 4, 77, 76, 2, 5);
INSERT INTO reservation (reservation_id, created_by, created_date, last_modified_by, modified_date, date, end_time, month, note, start_time, title, week, minutes_id, online_id, room_id, subject_id) VALUES (75, null, '2021-11-21 22:19:32.907247', null, '2021-11-21 22:19:32.939269', '2021-11-21', '08:00:00', 11, '', '07:00:00', 'test', 4, 78, 77, 2, 5);
INSERT INTO reservation (reservation_id, created_by, created_date, last_modified_by, modified_date, date, end_time, month, note, start_time, title, week, minutes_id, online_id, room_id, subject_id) VALUES (76, null, '2021-11-21 22:19:39.726204', null, '2021-11-21 22:19:39.777261', '2021-11-21', '08:00:00', 11, '', '07:00:00', 'test', 4, 79, 78, 2, 5);
INSERT INTO reservation (reservation_id, created_by, created_date, last_modified_by, modified_date, date, end_time, month, note, start_time, title, week, minutes_id, online_id, room_id, subject_id) VALUES (77, null, '2021-11-21 22:19:40.262287', null, '2021-11-21 22:19:40.313577', '2021-11-21', '08:00:00', 11, '', '07:00:00', 'test', 4, 80, 79, 2, 5);
INSERT INTO reservation (reservation_id, created_by, created_date, last_modified_by, modified_date, date, end_time, month, note, start_time, title, week, minutes_id, online_id, room_id, subject_id) VALUES (78, null, '2021-11-21 22:19:40.547095', null, '2021-11-21 22:19:40.585799', '2021-11-21', '08:00:00', 11, '', '07:00:00', 'test', 4, 81, 80, 2, 5);
INSERT INTO reservation (reservation_id, created_by, created_date, last_modified_by, modified_date, date, end_time, month, note, start_time, title, week, minutes_id, online_id, room_id, subject_id) VALUES (79, null, '2021-11-21 22:20:01.966674', null, '2021-11-21 22:20:02.011864', '2021-11-21', '08:00:00', 11, '', '07:00:00', 'test', 4, 82, 81, 2, 5);
INSERT INTO reservation (reservation_id, created_by, created_date, last_modified_by, modified_date, date, end_time, month, note, start_time, title, week, minutes_id, online_id, room_id, subject_id) VALUES (80, null, '2021-11-21 23:12:27.095853', null, '2021-11-21 23:12:27.135560', '2021-11-21', '08:30:00', 11, '123', '08:00:00', '음?', 4, 83, 82, 1, 7);
INSERT INTO reservation (reservation_id, created_by, created_date, last_modified_by, modified_date, date, end_time, month, note, start_time, title, week, minutes_id, online_id, room_id, subject_id) VALUES (81, null, '2021-11-21 23:15:47.032886', null, '2021-11-21 23:15:47.067623', '2021-11-21', '08:30:00', 11, 'ㅋㄴㄴㄴ', '08:00:00', '2222', 4, 84, 83, 2, 3);
INSERT INTO reservation (reservation_id, created_by, created_date, last_modified_by, modified_date, date, end_time, month, note, start_time, title, week, minutes_id, online_id, room_id, subject_id) VALUES (83, null, '2021-11-21 23:20:50.670186', null, '2021-11-21 23:20:50.711601', '2021-11-22', '09:30:00', 11, '11', '09:00:00', '24시', 4, 86, 85, 2, 1);
INSERT INTO reservation (reservation_id, created_by, created_date, last_modified_by, modified_date, date, end_time, month, note, start_time, title, week, minutes_id, online_id, room_id, subject_id) VALUES (84, null, '2021-11-22 07:35:25.538655', null, '2021-11-22 07:35:25.631801', '2021-11-22', '21:00:00', 11, '', '19:30:00', '😶‍🌫️', 4, 87, 86, 1, 4);
INSERT INTO reservation (reservation_id, created_by, created_date, last_modified_by, modified_date, date, end_time, month, note, start_time, title, week, minutes_id, online_id, room_id, subject_id) VALUES (85, null, '2021-11-22 07:36:08.801960', null, '2021-11-22 07:36:08.826701', '2021-11-22', '17:30:00', 11, '', '17:00:00', '🥸', 4, 88, 87, 2, 4);
INSERT INTO reservation (reservation_id, created_by, created_date, last_modified_by, modified_date, date, end_time, month, note, start_time, title, week, minutes_id, online_id, room_id, subject_id) VALUES (86, null, '2021-11-22 07:36:56.584203', null, '2021-11-22 07:36:56.615708', '2021-11-22', '05:00:00', 11, '', '20:30:00', '😜', 4, 89, 88, 2, 4);
INSERT INTO reservation (reservation_id, created_by, created_date, last_modified_by, modified_date, date, end_time, month, note, start_time, title, week, minutes_id, online_id, room_id, subject_id) VALUES (88, null, '2021-11-22 07:37:57.449603', null, '2021-11-22 07:37:57.475769', '2021-11-22', '01:30:00', 11, '', '00:00:00', '🤓', 4, 91, 90, 1, 4);
INSERT INTO reservation (reservation_id, created_by, created_date, last_modified_by, modified_date, date, end_time, month, note, start_time, title, week, minutes_id, online_id, room_id, subject_id) VALUES (93, null, '2021-11-22 15:13:11.270420', null, '2021-11-22 15:13:11.310527', '2021-11-22', '10:30:00', 11, '', '10:00:00', '', 4, 96, 95, 2, 8);
INSERT INTO reservation (reservation_id, created_by, created_date, last_modified_by, modified_date, date, end_time, month, note, start_time, title, week, minutes_id, online_id, room_id, subject_id) VALUES (94, null, '2021-11-22 22:09:18.135357', null, '2021-11-22 22:09:18.216127', '2021-11-23', '14:30:00', 11, '', '09:00:00', '12시 예약 테스트', 4, 97, 96, 2, 8);
INSERT INTO reservation (reservation_id, created_by, created_date, last_modified_by, modified_date, date, end_time, month, note, start_time, title, week, minutes_id, online_id, room_id, subject_id) VALUES (95, null, '2021-11-23 21:33:58.213335', null, '2021-11-23 21:33:58.311789', '2021-11-23', '08:00:00', 11, '', '07:30:00', 'ㅁㄴ', 4, 98, 97, 2, 1);
INSERT INTO reservation (reservation_id, created_by, created_date, last_modified_by, modified_date, date, end_time, month, note, start_time, title, week, minutes_id, online_id, room_id, subject_id) VALUES (96, null, '2021-11-23 21:35:43.700233', null, '2021-11-23 21:35:43.738292', '2021-11-23', '08:30:00', 11, '', '08:00:00', 'ㅁㅋ', 4, 99, 98, 2, 1);
INSERT INTO reservation (reservation_id, created_by, created_date, last_modified_by, modified_date, date, end_time, month, note, start_time, title, week, minutes_id, online_id, room_id, subject_id) VALUES (97, null, '2021-11-23 21:36:01.820178', null, '2021-11-23 21:36:01.860120', '2021-11-23', '03:00:00', 11, '', '12:30:00', '', 4, 100, 99, 1, 1);
INSERT INTO reservation (reservation_id, created_by, created_date, last_modified_by, modified_date, date, end_time, month, note, start_time, title, week, minutes_id, online_id, room_id, subject_id) VALUES (98, null, '2021-11-23 21:36:15.054974', null, '2021-11-23 21:36:15.085101', '2021-11-23', '08:30:00', 11, '', '08:00:00', 'ㅁㅋ', 4, 101, 100, 2, 1);
INSERT INTO reservation (reservation_id, created_by, created_date, last_modified_by, modified_date, date, end_time, month, note, start_time, title, week, minutes_id, online_id, room_id, subject_id) VALUES (99, null, '2021-11-23 22:12:47.506549', null, '2021-11-23 22:12:47.562315', '2021-11-23', '08:00:00', 11, '기본 시작 시간의 포맷을 수정 했습니다. 잘 되나요?', '07:30:00', 'Default startTime', 4, 102, 101, 1, 8);
INSERT INTO reservation (reservation_id, created_by, created_date, last_modified_by, modified_date, date, end_time, month, note, start_time, title, week, minutes_id, online_id, room_id, subject_id) VALUES (100, null, '2021-11-25 13:35:37.887599', null, '2021-11-25 13:35:38.071649', '2021-11-25', '14:00:00', 11, 'string', '13:00:00', '제목', 4, 103, 102, 1, 1);

INSERT INTO attendee (attendee_id, is_host, is_writer, status, username, reservation_id) VALUES (1, true, false, 'WAITING', 'o0myself0o@naver.com', 1);
INSERT INTO attendee (attendee_id, is_host, is_writer, status, username, reservation_id) VALUES (2, false, true, 'WAITING', 'mjhwang34@naver.com', 1);
INSERT INTO attendee (attendee_id, is_host, is_writer, status, username, reservation_id) VALUES (3, true, false, 'WAITING', 'o0myself0o@naver.com', 2);
INSERT INTO attendee (attendee_id, is_host, is_writer, status, username, reservation_id) VALUES (4, false, false, 'WAITING', 'ljs981120@gmail.com', 2);
INSERT INTO attendee (attendee_id, is_host, is_writer, status, username, reservation_id) VALUES (5, false, true, 'WAITING', 'dlqud19@gmail.com', 2);
INSERT INTO attendee (attendee_id, is_host, is_writer, status, username, reservation_id) VALUES (6, true, true, 'WAITING', 'ljs981120@gmail.com', 6);
INSERT INTO attendee (attendee_id, is_host, is_writer, status, username, reservation_id) VALUES (7, true, true, 'WAITING', 'ljs981120@gmail.com', 7);
INSERT INTO attendee (attendee_id, is_host, is_writer, status, username, reservation_id) VALUES (8, true, true, 'WAITING', 'ljs981120@gmail.com', 13);
INSERT INTO attendee (attendee_id, is_host, is_writer, status, username, reservation_id) VALUES (9, true, true, 'WAITING', 'ljs981120@gmail.com', 15);
INSERT INTO attendee (attendee_id, is_host, is_writer, status, username, reservation_id) VALUES (10, true, true, 'WAITING', 'ljs981120@gmail.com', 16);
INSERT INTO attendee (attendee_id, is_host, is_writer, status, username, reservation_id) VALUES (11, true, true, 'WAITING', 'ljs981120@gmail.com', 17);
INSERT INTO attendee (attendee_id, is_host, is_writer, status, username, reservation_id) VALUES (12, true, true, 'WAITING', 'ljs981120@gmail.com', 18);
INSERT INTO attendee (attendee_id, is_host, is_writer, status, username, reservation_id) VALUES (13, true, true, 'WAITING', 'ljs981120@gmail.com', 19);
INSERT INTO attendee (attendee_id, is_host, is_writer, status, username, reservation_id) VALUES (14, true, true, 'WAITING', 'ljs981120@gmail.com', 20);
INSERT INTO attendee (attendee_id, is_host, is_writer, status, username, reservation_id) VALUES (15, true, true, 'WAITING', 'ljs981120@gmail.com', 21);
INSERT INTO attendee (attendee_id, is_host, is_writer, status, username, reservation_id) VALUES (16, true, true, 'WAITING', 'ljs981120@gmail.com', 22);
INSERT INTO attendee (attendee_id, is_host, is_writer, status, username, reservation_id) VALUES (17, true, true, 'WAITING', 'ljs981120@gmail.com', 23);
INSERT INTO attendee (attendee_id, is_host, is_writer, status, username, reservation_id) VALUES (18, true, false, 'WAITING', 'o0myself0o@naver.com', 24);
INSERT INTO attendee (attendee_id, is_host, is_writer, status, username, reservation_id) VALUES (19, false, false, 'WAITING', 'ljs981120@gmail.com', 24);
INSERT INTO attendee (attendee_id, is_host, is_writer, status, username, reservation_id) VALUES (20, true, false, 'WAITING', 'o0myself0o@naver.com', 25);
INSERT INTO attendee (attendee_id, is_host, is_writer, status, username, reservation_id) VALUES (21, false, false, 'WAITING', 'ljs981120@gmail.com', 25);
INSERT INTO attendee (attendee_id, is_host, is_writer, status, username, reservation_id) VALUES (22, true, false, 'WAITING', 'o0myself0o@naver.com', 26);
INSERT INTO attendee (attendee_id, is_host, is_writer, status, username, reservation_id) VALUES (23, false, false, 'WAITING', 'ljs981120@gmail.com', 26);
INSERT INTO attendee (attendee_id, is_host, is_writer, status, username, reservation_id) VALUES (24, true, true, 'WAITING', 'ljs981120@gmail.com', 27);
INSERT INTO attendee (attendee_id, is_host, is_writer, status, username, reservation_id) VALUES (25, false, false, 'WAITING', 'dlqud19@gmail.com', 27);
INSERT INTO attendee (attendee_id, is_host, is_writer, status, username, reservation_id) VALUES (26, false, false, 'WAITING', 'mjhwang34@naver.com', 27);
INSERT INTO attendee (attendee_id, is_host, is_writer, status, username, reservation_id) VALUES (27, false, false, 'WAITING', 'o0myself0o@naver.com', 27);
INSERT INTO attendee (attendee_id, is_host, is_writer, status, username, reservation_id) VALUES (28, true, true, 'WAITING', 'ljs981120@gmail.com', 28);
INSERT INTO attendee (attendee_id, is_host, is_writer, status, username, reservation_id) VALUES (29, false, false, 'WAITING', 'dlqud19@gmail.com', 28);
INSERT INTO attendee (attendee_id, is_host, is_writer, status, username, reservation_id) VALUES (30, true, true, 'WAITING', 'ljs981120@gmail.com', 29);
INSERT INTO attendee (attendee_id, is_host, is_writer, status, username, reservation_id) VALUES (31, false, false, 'WAITING', 'o0myself0o@naver.com', 29);
INSERT INTO attendee (attendee_id, is_host, is_writer, status, username, reservation_id) VALUES (32, true, true, 'WAITING', 'ljs981120@gmail.com', 30);
INSERT INTO attendee (attendee_id, is_host, is_writer, status, username, reservation_id) VALUES (33, true, true, 'WAITING', 'ljs981120@gmail.com', 31);
INSERT INTO attendee (attendee_id, is_host, is_writer, status, username, reservation_id) VALUES (34, false, false, 'WAITING', 'dlqud19@gmail.com', 31);
INSERT INTO attendee (attendee_id, is_host, is_writer, status, username, reservation_id) VALUES (35, true, true, 'WAITING', 'ljs981120@gmail.com', 32);
INSERT INTO attendee (attendee_id, is_host, is_writer, status, username, reservation_id) VALUES (36, true, true, 'WAITING', 'mjhwang34@naver.com', 34);
INSERT INTO attendee (attendee_id, is_host, is_writer, status, username, reservation_id) VALUES (37, false, false, 'WAITING', 'o0myself0o@naver.com', 34);
INSERT INTO attendee (attendee_id, is_host, is_writer, status, username, reservation_id) VALUES (38, true, true, 'WAITING', 'mjhwang34@naver.com', 36);
INSERT INTO attendee (attendee_id, is_host, is_writer, status, username, reservation_id) VALUES (39, false, false, 'WAITING', 'o0myself0o@naver.com', 36);
INSERT INTO attendee (attendee_id, is_host, is_writer, status, username, reservation_id) VALUES (40, true, true, 'WAITING', 'mjhwang34@naver.com', 37);
INSERT INTO attendee (attendee_id, is_host, is_writer, status, username, reservation_id) VALUES (41, true, true, 'WAITING', 'mjhwang34@naver.com', 38);
INSERT INTO attendee (attendee_id, is_host, is_writer, status, username, reservation_id) VALUES (42, true, true, 'WAITING', 'mjhwang34@naver.com', 39);
INSERT INTO attendee (attendee_id, is_host, is_writer, status, username, reservation_id) VALUES (43, true, true, 'WAITING', 'mjhwang34@naver.com', 40);
INSERT INTO attendee (attendee_id, is_host, is_writer, status, username, reservation_id) VALUES (44, true, false, 'WAITING', 'o0myself0o@naver.com', 41);
INSERT INTO attendee (attendee_id, is_host, is_writer, status, username, reservation_id) VALUES (45, false, false, 'WAITING', 'ljs981120@gmail.com', 41);
INSERT INTO attendee (attendee_id, is_host, is_writer, status, username, reservation_id) VALUES (46, true, true, 'WAITING', 'ljs981120@gmail.com', 42);
INSERT INTO attendee (attendee_id, is_host, is_writer, status, username, reservation_id) VALUES (47, true, false, 'WAITING', 'o0myself0o@naver.com', 45);
INSERT INTO attendee (attendee_id, is_host, is_writer, status, username, reservation_id) VALUES (48, false, false, 'WAITING', 'ljs981120@gmail.com', 45);
INSERT INTO attendee (attendee_id, is_host, is_writer, status, username, reservation_id) VALUES (49, true, false, 'WAITING', 'o0myself0o@naver.com', 46);
INSERT INTO attendee (attendee_id, is_host, is_writer, status, username, reservation_id) VALUES (50, false, false, 'WAITING', 'ljs981120@gmail.com', 46);
INSERT INTO attendee (attendee_id, is_host, is_writer, status, username, reservation_id) VALUES (51, true, false, 'WAITING', 'o0myself0o@naver.com', 47);
INSERT INTO attendee (attendee_id, is_host, is_writer, status, username, reservation_id) VALUES (52, false, false, 'WAITING', 'ljs981120@gmail.com', 47);
INSERT INTO attendee (attendee_id, is_host, is_writer, status, username, reservation_id) VALUES (53, true, false, 'WAITING', 'o0myself0o@naver.com', 48);
INSERT INTO attendee (attendee_id, is_host, is_writer, status, username, reservation_id) VALUES (54, false, false, 'WAITING', 'ljs981120@gmail.com', 48);
INSERT INTO attendee (attendee_id, is_host, is_writer, status, username, reservation_id) VALUES (55, true, false, 'WAITING', 'o0myself0o@naver.com', 49);
INSERT INTO attendee (attendee_id, is_host, is_writer, status, username, reservation_id) VALUES (56, false, false, 'WAITING', 'ljs981120@gmail.com', 49);
INSERT INTO attendee (attendee_id, is_host, is_writer, status, username, reservation_id) VALUES (57, true, false, 'WAITING', 'o0myself0o@naver.com', 50);
INSERT INTO attendee (attendee_id, is_host, is_writer, status, username, reservation_id) VALUES (58, false, false, 'WAITING', 'ljs981120@gmail.com', 50);
INSERT INTO attendee (attendee_id, is_host, is_writer, status, username, reservation_id) VALUES (59, true, false, 'WAITING', 'o0myself0o@naver.com', 51);
INSERT INTO attendee (attendee_id, is_host, is_writer, status, username, reservation_id) VALUES (60, false, false, 'WAITING', 'ljs981120@gmail.com', 51);
INSERT INTO attendee (attendee_id, is_host, is_writer, status, username, reservation_id) VALUES (61, true, false, 'WAITING', 'o0myself0o@naver.com', 52);
INSERT INTO attendee (attendee_id, is_host, is_writer, status, username, reservation_id) VALUES (62, false, false, 'WAITING', 'ljs981120@gmail.com', 52);
INSERT INTO attendee (attendee_id, is_host, is_writer, status, username, reservation_id) VALUES (63, true, true, 'WAITING', 'mjhwang34@naver.com', 53);
INSERT INTO attendee (attendee_id, is_host, is_writer, status, username, reservation_id) VALUES (64, true, true, 'WAITING', 'mjhwang34@naver.com', 54);
INSERT INTO attendee (attendee_id, is_host, is_writer, status, username, reservation_id) VALUES (65, true, true, 'WAITING', 'ljs981120@gmail.com', 57);
INSERT INTO attendee (attendee_id, is_host, is_writer, status, username, reservation_id) VALUES (66, true, true, 'WAITING', 'ljs981120@gmail.com', 60);
INSERT INTO attendee (attendee_id, is_host, is_writer, status, username, reservation_id) VALUES (67, false, false, 'WAITING', 'dlqud19@gmail.com', 60);
INSERT INTO attendee (attendee_id, is_host, is_writer, status, username, reservation_id) VALUES (68, true, true, 'WAITING', 'ljs981120@gmail.com', 62);
INSERT INTO attendee (attendee_id, is_host, is_writer, status, username, reservation_id) VALUES (69, false, false, 'WAITING', 'dlqud19@gmail.com', 62);
INSERT INTO attendee (attendee_id, is_host, is_writer, status, username, reservation_id) VALUES (70, true, false, 'WAITING', 'o0myself0o@naver.com', 63);
INSERT INTO attendee (attendee_id, is_host, is_writer, status, username, reservation_id) VALUES (71, false, false, 'WAITING', 'ljs981120@gmail.com', 63);
INSERT INTO attendee (attendee_id, is_host, is_writer, status, username, reservation_id) VALUES (72, true, false, 'WAITING', 'o0myself0o@naver.com', 64);
INSERT INTO attendee (attendee_id, is_host, is_writer, status, username, reservation_id) VALUES (73, false, false, 'WAITING', 'ljs981120@gmail.com', 64);
INSERT INTO attendee (attendee_id, is_host, is_writer, status, username, reservation_id) VALUES (74, true, false, 'WAITING', 'o0myself0o@naver.com', 65);
INSERT INTO attendee (attendee_id, is_host, is_writer, status, username, reservation_id) VALUES (75, false, false, 'WAITING', 'ljs981120@gmail.com', 65);
INSERT INTO attendee (attendee_id, is_host, is_writer, status, username, reservation_id) VALUES (76, true, false, 'WAITING', 'o0myself0o@naver.com', 66);
INSERT INTO attendee (attendee_id, is_host, is_writer, status, username, reservation_id) VALUES (77, false, false, 'WAITING', 'ljs981120@gmail.com', 66);
INSERT INTO attendee (attendee_id, is_host, is_writer, status, username, reservation_id) VALUES (78, true, true, 'WAITING', 'ljs981120@gmail.com', 67);
INSERT INTO attendee (attendee_id, is_host, is_writer, status, username, reservation_id) VALUES (79, false, false, 'WAITING', 'dlqud19@gmail.com', 67);
INSERT INTO attendee (attendee_id, is_host, is_writer, status, username, reservation_id) VALUES (80, true, true, 'WAITING', 'ljs981120@gmail.com', 68);
INSERT INTO attendee (attendee_id, is_host, is_writer, status, username, reservation_id) VALUES (81, false, false, 'WAITING', 'dlqud19@gmail.com', 68);
INSERT INTO attendee (attendee_id, is_host, is_writer, status, username, reservation_id) VALUES (82, false, false, 'WAITING', 'mjhwang34@naver.com', 68);
INSERT INTO attendee (attendee_id, is_host, is_writer, status, username, reservation_id) VALUES (83, false, false, 'WAITING', 'o0myself0o@naver.com', 68);
INSERT INTO attendee (attendee_id, is_host, is_writer, status, username, reservation_id) VALUES (84, true, true, 'WAITING', 'ljs981120@gmail.com', 69);
INSERT INTO attendee (attendee_id, is_host, is_writer, status, username, reservation_id) VALUES (85, false, false, 'WAITING', 'dlqud19@gmail.com', 69);
INSERT INTO attendee (attendee_id, is_host, is_writer, status, username, reservation_id) VALUES (86, true, true, 'WAITING', 'ljs981120@gmail.com', 70);
INSERT INTO attendee (attendee_id, is_host, is_writer, status, username, reservation_id) VALUES (87, false, false, 'WAITING', 'dlqud19@gmail.com', 70);
INSERT INTO attendee (attendee_id, is_host, is_writer, status, username, reservation_id) VALUES (88, true, true, 'WAITING', 'ljs981120@gmail.com', 71);
INSERT INTO attendee (attendee_id, is_host, is_writer, status, username, reservation_id) VALUES (89, true, true, 'WAITING', 'ljs981120@gmail.com', 73);
INSERT INTO attendee (attendee_id, is_host, is_writer, status, username, reservation_id) VALUES (90, false, false, 'WAITING', 'dlqud19@gmail.com', 73);
INSERT INTO attendee (attendee_id, is_host, is_writer, status, username, reservation_id) VALUES (91, false, false, 'WAITING', 'mjhwang34@naver.com', 73);
INSERT INTO attendee (attendee_id, is_host, is_writer, status, username, reservation_id) VALUES (92, false, false, 'WAITING', 'o0myself0o@naver.com', 73);
INSERT INTO attendee (attendee_id, is_host, is_writer, status, username, reservation_id) VALUES (93, true, true, 'WAITING', 'ljs981120@gmail.com', 74);
INSERT INTO attendee (attendee_id, is_host, is_writer, status, username, reservation_id) VALUES (94, false, false, 'WAITING', 'dlqud19@gmail.com', 74);
INSERT INTO attendee (attendee_id, is_host, is_writer, status, username, reservation_id) VALUES (95, false, false, 'WAITING', 'o0myself0o@naver.com', 74);
INSERT INTO attendee (attendee_id, is_host, is_writer, status, username, reservation_id) VALUES (96, false, false, 'WAITING', 'mjhwang34@naver.com', 74);
INSERT INTO attendee (attendee_id, is_host, is_writer, status, username, reservation_id) VALUES (97, true, true, 'WAITING', 'ljs981120@gmail.com', 75);
INSERT INTO attendee (attendee_id, is_host, is_writer, status, username, reservation_id) VALUES (98, false, false, 'WAITING', 'dlqud19@gmail.com', 75);
INSERT INTO attendee (attendee_id, is_host, is_writer, status, username, reservation_id) VALUES (99, false, false, 'WAITING', 'o0myself0o@naver.com', 75);
INSERT INTO attendee (attendee_id, is_host, is_writer, status, username, reservation_id) VALUES (100, false, false, 'WAITING', 'mjhwang34@naver.com', 75);
INSERT INTO attendee (attendee_id, is_host, is_writer, status, username, reservation_id) VALUES (101, true, true, 'WAITING', 'ljs981120@gmail.com', 76);
INSERT INTO attendee (attendee_id, is_host, is_writer, status, username, reservation_id) VALUES (102, false, false, 'WAITING', 'dlqud19@gmail.com', 76);
INSERT INTO attendee (attendee_id, is_host, is_writer, status, username, reservation_id) VALUES (103, false, false, 'WAITING', 'o0myself0o@naver.com', 76);
INSERT INTO attendee (attendee_id, is_host, is_writer, status, username, reservation_id) VALUES (104, false, false, 'WAITING', 'mjhwang34@naver.com', 76);
INSERT INTO attendee (attendee_id, is_host, is_writer, status, username, reservation_id) VALUES (105, true, true, 'WAITING', 'ljs981120@gmail.com', 77);
INSERT INTO attendee (attendee_id, is_host, is_writer, status, username, reservation_id) VALUES (106, false, false, 'WAITING', 'dlqud19@gmail.com', 77);
INSERT INTO attendee (attendee_id, is_host, is_writer, status, username, reservation_id) VALUES (107, false, false, 'WAITING', 'o0myself0o@naver.com', 77);
INSERT INTO attendee (attendee_id, is_host, is_writer, status, username, reservation_id) VALUES (108, false, false, 'WAITING', 'mjhwang34@naver.com', 77);
INSERT INTO attendee (attendee_id, is_host, is_writer, status, username, reservation_id) VALUES (109, true, true, 'WAITING', 'ljs981120@gmail.com', 78);
INSERT INTO attendee (attendee_id, is_host, is_writer, status, username, reservation_id) VALUES (110, false, false, 'WAITING', 'dlqud19@gmail.com', 78);
INSERT INTO attendee (attendee_id, is_host, is_writer, status, username, reservation_id) VALUES (111, false, false, 'WAITING', 'o0myself0o@naver.com', 78);
INSERT INTO attendee (attendee_id, is_host, is_writer, status, username, reservation_id) VALUES (112, false, false, 'WAITING', 'mjhwang34@naver.com', 78);
INSERT INTO attendee (attendee_id, is_host, is_writer, status, username, reservation_id) VALUES (113, true, true, 'WAITING', 'ljs981120@gmail.com', 79);
INSERT INTO attendee (attendee_id, is_host, is_writer, status, username, reservation_id) VALUES (114, false, false, 'WAITING', 'dlqud19@gmail.com', 79);
INSERT INTO attendee (attendee_id, is_host, is_writer, status, username, reservation_id) VALUES (115, false, false, 'WAITING', 'o0myself0o@naver.com', 79);
INSERT INTO attendee (attendee_id, is_host, is_writer, status, username, reservation_id) VALUES (116, false, false, 'WAITING', 'mjhwang34@naver.com', 79);
INSERT INTO attendee (attendee_id, is_host, is_writer, status, username, reservation_id) VALUES (117, true, true, 'WAITING', 'ljs981120@gmail.com', 80);
INSERT INTO attendee (attendee_id, is_host, is_writer, status, username, reservation_id) VALUES (118, false, false, 'WAITING', 'dlqud19@gmail.com', 80);
INSERT INTO attendee (attendee_id, is_host, is_writer, status, username, reservation_id) VALUES (119, false, false, 'WAITING', 'mjhwang34@naver.com', 80);
INSERT INTO attendee (attendee_id, is_host, is_writer, status, username, reservation_id) VALUES (120, false, false, 'WAITING', 'o0myself0o@naver.com', 80);
INSERT INTO attendee (attendee_id, is_host, is_writer, status, username, reservation_id) VALUES (121, true, true, 'WAITING', 'ljs981120@gmail.com', 81);
INSERT INTO attendee (attendee_id, is_host, is_writer, status, username, reservation_id) VALUES (122, false, false, 'WAITING', 'dlqud19@gmail.com', 81);
INSERT INTO attendee (attendee_id, is_host, is_writer, status, username, reservation_id) VALUES (123, false, false, 'WAITING', 'mjhwang34@naver.com', 81);
INSERT INTO attendee (attendee_id, is_host, is_writer, status, username, reservation_id) VALUES (124, false, false, 'WAITING', 'o0myself0o@naver.com', 81);
INSERT INTO attendee (attendee_id, is_host, is_writer, status, username, reservation_id) VALUES (125, true, true, 'WAITING', 'ljs981120@gmail.com', 83);
INSERT INTO attendee (attendee_id, is_host, is_writer, status, username, reservation_id) VALUES (126, false, false, 'WAITING', 'dlqud19@gmail.com', 83);
INSERT INTO attendee (attendee_id, is_host, is_writer, status, username, reservation_id) VALUES (127, false, false, 'WAITING', 'mjhwang34@naver.com', 83);
INSERT INTO attendee (attendee_id, is_host, is_writer, status, username, reservation_id) VALUES (128, false, false, 'WAITING', 'o0myself0o@naver.com', 83);
INSERT INTO attendee (attendee_id, is_host, is_writer, status, username, reservation_id) VALUES (129, true, true, 'WAITING', 'ljs981120@gmail.com', 84);
INSERT INTO attendee (attendee_id, is_host, is_writer, status, username, reservation_id) VALUES (130, false, false, 'WAITING', 'dlqud19@gmail.com', 84);
INSERT INTO attendee (attendee_id, is_host, is_writer, status, username, reservation_id) VALUES (131, false, false, 'WAITING', 'dlqud19@gmail.com', 84);
INSERT INTO attendee (attendee_id, is_host, is_writer, status, username, reservation_id) VALUES (132, false, false, 'WAITING', 'o0myself0o@naver.com', 84);
INSERT INTO attendee (attendee_id, is_host, is_writer, status, username, reservation_id) VALUES (133, false, false, 'WAITING', 'dlqud19@gmail.com', 84);
INSERT INTO attendee (attendee_id, is_host, is_writer, status, username, reservation_id) VALUES (134, false, false, 'WAITING', 'mjhwang34@naver.com', 84);
INSERT INTO attendee (attendee_id, is_host, is_writer, status, username, reservation_id) VALUES (135, true, true, 'WAITING', 'ljs981120@gmail.com', 85);
INSERT INTO attendee (attendee_id, is_host, is_writer, status, username, reservation_id) VALUES (136, false, false, 'WAITING', 'dlqud19@gmail.com', 85);
INSERT INTO attendee (attendee_id, is_host, is_writer, status, username, reservation_id) VALUES (137, true, true, 'WAITING', 'ljs981120@gmail.com', 86);
INSERT INTO attendee (attendee_id, is_host, is_writer, status, username, reservation_id) VALUES (138, false, false, 'WAITING', 'dlqud19@gmail.com', 86);
INSERT INTO attendee (attendee_id, is_host, is_writer, status, username, reservation_id) VALUES (139, false, false, 'WAITING', 'mjhwang34@naver.com', 86);
INSERT INTO attendee (attendee_id, is_host, is_writer, status, username, reservation_id) VALUES (140, false, false, 'WAITING', 'o0myself0o@naver.com', 86);
INSERT INTO attendee (attendee_id, is_host, is_writer, status, username, reservation_id) VALUES (141, true, true, 'WAITING', 'ljs981120@gmail.com', 88);
INSERT INTO attendee (attendee_id, is_host, is_writer, status, username, reservation_id) VALUES (142, false, false, 'WAITING', 'dlqud19@gmail.com', 88);
INSERT INTO attendee (attendee_id, is_host, is_writer, status, username, reservation_id) VALUES (143, false, false, 'WAITING', 'mjhwang34@naver.com', 88);
INSERT INTO attendee (attendee_id, is_host, is_writer, status, username, reservation_id) VALUES (144, false, false, 'WAITING', 'o0myself0o@naver.com', 88);
INSERT INTO attendee (attendee_id, is_host, is_writer, status, username, reservation_id) VALUES (145, true, true, 'WAITING', 'ljs981120@gmail.com', 93);
INSERT INTO attendee (attendee_id, is_host, is_writer, status, username, reservation_id) VALUES (146, true, true, 'WAITING', 'ljs981120@gmail.com', 94);
INSERT INTO attendee (attendee_id, is_host, is_writer, status, username, reservation_id) VALUES (147, false, false, 'WAITING', 'dlqud19@gmail.com', 94);
INSERT INTO attendee (attendee_id, is_host, is_writer, status, username, reservation_id) VALUES (148, false, false, 'WAITING', 'mjhwang34@naver.com', 94);
INSERT INTO attendee (attendee_id, is_host, is_writer, status, username, reservation_id) VALUES (149, false, false, 'WAITING', 'o0myself0o@naver.com', 94);
INSERT INTO attendee (attendee_id, is_host, is_writer, status, username, reservation_id) VALUES (150, true, true, 'WAITING', 'ljs981120@gmail.com', 95);
INSERT INTO attendee (attendee_id, is_host, is_writer, status, username, reservation_id) VALUES (151, false, false, 'WAITING', 'mjhwang34@naver.com', 95);
INSERT INTO attendee (attendee_id, is_host, is_writer, status, username, reservation_id) VALUES (152, true, true, 'WAITING', 'ljs981120@gmail.com', 96);
INSERT INTO attendee (attendee_id, is_host, is_writer, status, username, reservation_id) VALUES (153, false, false, 'WAITING', 'dlqud19@gmail.com', 96);
INSERT INTO attendee (attendee_id, is_host, is_writer, status, username, reservation_id) VALUES (154, true, true, 'WAITING', 'ljs981120@gmail.com', 97);
INSERT INTO attendee (attendee_id, is_host, is_writer, status, username, reservation_id) VALUES (155, false, false, 'WAITING', 'dlqud19@gmail.com', 97);
INSERT INTO attendee (attendee_id, is_host, is_writer, status, username, reservation_id) VALUES (156, true, true, 'WAITING', 'ljs981120@gmail.com', 98);
INSERT INTO attendee (attendee_id, is_host, is_writer, status, username, reservation_id) VALUES (157, false, false, 'WAITING', 'dlqud19@gmail.com', 98);
INSERT INTO attendee (attendee_id, is_host, is_writer, status, username, reservation_id) VALUES (158, true, false, 'WAITING', 'ljs981120@gmail.com', 99);
INSERT INTO attendee (attendee_id, is_host, is_writer, status, username, reservation_id) VALUES (159, false, true, 'WAITING', 'dlqud19@gmail.com', 99);
INSERT INTO attendee (attendee_id, is_host, is_writer, status, username, reservation_id) VALUES (160, false, false, 'WAITING', 'mjhwang34@naver.com', 99);
INSERT INTO attendee (attendee_id, is_host, is_writer, status, username, reservation_id) VALUES (161, false, false, 'WAITING', 'o0myself0o@naver.com', 99);
INSERT INTO attendee (attendee_id, is_host, is_writer, status, username, reservation_id) VALUES (162, true, false, 'WAITING', 'o0myself0o@naver.com', 100);
INSERT INTO attendee (attendee_id, is_host, is_writer, status, username, reservation_id) VALUES (163, false, false, 'WAITING', 'ljs981120@gmail.com', 100);
